{
  "version": 1,
  "author": "Daniel Basaznew",
  "editor": "wokwi",
  "parts": [
    { "type": "wokwi-arduino-uno", "id": "uno", "top": 48.6, "left": 105, "attrs": {} },
    { "type": "wokwi-potentiometer", "id": "pot1", "top": 305.9, "left": 163, "attrs": {} },
    { "type": "wokwi-dht22", "id": "dht1", "top": 48.3, "left": 513, "attrs": {} },
    { "type": "wokwi-dht22", "id": "dht2", "top": 96.3, "left": -43.8, "attrs": {} },
    {
      "type": "wokwi-slide-potentiometer",
      "id": "pot2",
      "top": 226,
      "left": 551.2,
      "rotate": 270,
      "attrs": { "travelLength": "30" }
    },
    {
      "type": "wokwi-resistor",
      "id": "r1",
      "top": 128.2,
      "left": -154.45,
      "rotate": 270,
      "attrs": { "value": "1000" }
    },
    {
      "type": "wokwi-led",
      "id": "led1",
      "top": -80.4,
      "left": -34.6,
      "attrs": { "color": "red" }
    }
  ],
  "connections": [
    [ "uno:GND.2", "pot1:GND", "black", [ "v-9.7", "h-82.5", "v144" ] ],
    [ "pot1:VCC", "uno:5V", "red", [ "v0" ] ],
    [ "pot1:SIG", "uno:A0", "green", [ "v0" ] ],
    [ "dht1:VCC", "uno:5V", "red", [ "v0" ] ],
    [ "dht1:GND", "uno:GND.1", "black", [ "v48", "h-336.3" ] ],
    [ "dht1:SDA", "uno:2", "green", [ "h-95.9", "v-105.6" ] ],
    [ "dht2:VCC", "uno:5V", "red", [ "v0" ] ],
    [ "dht2:SDA", "uno:3", "green", [ "h57.7", "v-153.6" ] ],
    [ "dht2:GND", "uno:GND.3", "black", [ "v0" ] ],
    [ "pot2:GND", "uno:GND.1", "black", [ "v-158.8", "h-422.7" ] ],
    [ "pot2:VCC", "uno:5V", "red", [ "h-374.4", "v-143.9" ] ],
    [ "pot2:SIG", "uno:A1", "green", [ "v28.8", "h-336.8" ] ],
    [ "led1:A", "uno:13", "green", [ "v19.2", "h249.6" ] ],
    [ "led1:C", "r1:2", "green", [ "v9.6", "h-105.2" ] ],
    [ "r1:1", "uno:GND.3", "green", [ "h0", "v307.2", "h412.8" ] ]
  ],
  "dependencies": {}
}